[
  {
    "id": "mrc-001",
    "title": "Essential Cotton T-Shirt",
    "category": "T-Shirts",
    "price": 699,
    "currency": "INR",
    "colors": ["Black", "Navy", "White"],
    "images": [
      "https://images.unsplash.com/photo-1541099649105-f69ad21f3246?q=80&w=1200&auto=format&fit=crop&ixlib=rb-4.0.3&s=8db2a4aa6053b5b5a5f2c1c3169c5c18",
      "https://images.unsplash.com/photo-1520975920251-1b2df7b2b3aa?q=80&w=1200&auto=format&fit=crop&ixlib=rb-4.0.3&s=4628a6c1f1b9b9f6d6c1a2b4b2a1c0d0"
    ],
    "description": "Comfortable everyday tee in ring-spun cotton. Regular fit.",
    "sizes": ["S","M","L","XL"]
  },
  {
    "id": "mrc-002",
    "title": "Slim Oxford Shirt",
    "category": "Shirts",
    "price": 1499,
    "currency": "INR",
    "colors": ["White", "Blue"],
    "images": [
      "https://images.unsplash.com/photo-1520975946371-1d2f3d4f3a5b?q=80&w=1200&auto=format&fit=crop&ixlib=rb-4.0.3&s=2a6d1b6cfa59f2e4b7a4f6c2e0d1c6b3",
      "https://images.unsplash.com/photo-1530845640792-9d1d3b6b6f4e?q=80&w=1200&auto=format&fit=crop&ixlib=rb-4.0.3&s=1b4a6c7d3d2b6a2f3c8d9b1a2c3e4f5a"
    ],
    "description": "Smart Oxford shirt with a slim tailored silhouette — perfect for work and events.",
    "sizes": ["S","M","L","XL"]
  },
  {
    "id": "mrc-003",
    "title": "Washed Denim Jeans",
    "category": "Jeans",
    "price": 2199,
    "currency": "INR",
    "colors": ["Indigo"],
    "images": [
      "https://images.unsplash.com/photo-1541099649105-3f0f3b9a3e7e?q=80&w=1200&auto=format&fit=crop&ixlib=rb-4.0.3&s=fac4a8f2edc7b2b3a9f6df490de9a8c7"
    ],
    "description": "Slim-fit denim with a soft worn-in wash. 98% cotton, 2% stretch.",
    "sizes": ["M","L","XL"]
  },
  {
    "id": "mrc-004",
    "title": "Zip Hoodie",
    "category": "Hoodies",
    "price": 1299,
    "currency": "INR",
    "colors": ["Charcoal", "Navy"],
    "images": [
      "https://images.unsplash.com/photo-1541099649105-45b1f0d5f8d3?q=80&w=1200&auto=format&fit=crop&ixlib=rb-4.0.3&s=6a9d2c7b1d2c3f8a5b4a6d7e8f9a1b2c"
    ],
    "description": "Lightweight zip hoodie with soft brushed interior.",
    "sizes": ["S","M","L","XL"]
  },
  {
    "id": "mrc-005",
    "title": "Structured Blazer",
    "category": "Shirts",
    "price": 3499,
    "currency": "INR",
    "colors": ["Navy"],
    "images": [
      "https://images.unsplash.com/photo-1519741491596-7f5a18f6f1a4?q=80&w=1200&auto=format&fit=crop&ixlib=rb-4.0.3&s=3c6f1c9a1b2d3e4f5a6b7c8d9e0f1a2b"
    ],
    "description": "Minimal blazer cut for modern tailoring. Unstructured for comfort.",
    "sizes": ["M","L","XL"]
  },
  {
    "id": "mrc-006",
    "title": "Pique Polo",
    "category": "T-Shirts",
    "price": 899,
    "currency": "INR",
    "colors": ["White", "Navy"],
    "images": [
      "https://images.unsplash.com/photo-1519741491596-8a9b2c4d5e6f?q=80&w=1200&auto=format&fit=crop&ixlib=rb-4.0.3&s=0d1e2f3d4c5b6a7e8f9a0b1c2d3e4f5g"
    ],
    "description": "Classic pique knit polo with a refined collar and durable finish.",
    "sizes": ["S","M","L","XL"]
  },
  {
    "id": "mrc-007",
    "title": "Straight Fit Chinos",
    "category": "Jeans",
    "price": 1599,
    "currency": "INR",
    "colors": ["Khaki", "Navy"],
    "images": [
      "https://images.unsplash.com/photo-1520975920251-3c9d1e6b9c2a?q=80&w=1200&auto=format&fit=crop&ixlib=rb-4.0.3&s=9a7b6c5d4e3f2a1b0c9d8e7f6a5b4c3d"
    ],
    "description": "Comfort stretch chinos with a modern straight fit.",
    "sizes": ["M","L","XL"]
  },
  {
    "id": "mrc-008",
    "title": "Fleece Pullover",
    "category": "Hoodies",
    "price": 1199,
    "currency": "INR",
    "colors": ["Black", "Grey"],
    "images": [
      "https://images.unsplash.com/photo-1541099649105-2a1b4c5d6e7f?q=80&w=1200&auto=format&fit=crop&ixlib=rb-4.0.3&s=1a2b3c4d5e6f7a8b9c0d1e2f3a4b5c6d"
    ],
    "description": "Cozy pullover with minimal branding and clean lines.",
    "sizes": ["S","M","L","XL"]
  },
  {
    "id": "mrc-009",
    "title": "Premium Oxford Shirt — Slim",
    "category": "Shirts",
    "price": 1899,
    "currency": "INR",
    "colors": ["Sky Blue"],
    "images": [
      "https://images.unsplash.com/photo-1520975920251-6f5b1f2c3e4a?q=80&w=1200&auto=format&fit=crop&ixlib=rb-4.0.3&s=7b6c5d4e3f2a1b0c9d8e7f6a5b4c3d2e"
    ],
    "description": "Premium weave for a refined look. Comes with reinforced collar.",
    "sizes": ["S","M","L","XL"]
  },
  {
    "id": "mrc-010",
    "title": "Heavyweight Crew Sweat",
    "category": "Hoodies",
    "price": 1399,
    "currency": "INR",
    "colors": ["Olive", "Grey"],
    "images": [
      "https://images.unsplash.com/photo-1541099649105-8b3c6a1d2e4f?q=80&w=1200&auto=format&fit=crop&ixlib=rb-4.0.3&s=2c3d4e5f6a7b8c9d0e1f2a3b4c5d6e7f"
    ],
    "description": "Durable heavyweight crew with clean finish and comfortable fit.",
    "sizes": ["M","L","XL"]
  }
]